<?xml version="1.0" encoding="UTF-8"?>
<project-private xmlns="http://www.netbeans.org/ns/project-private/1">
    <editor-bookmarks xmlns="http://www.netbeans.org/ns/editor-bookmarks/2" lastBookmarkId="0"/>
    <open-files xmlns="http://www.netbeans.org/ns/projectui-open-files/2">
        <group>
            <file>file:/C:/Users/HP/Documents/NetBeansProjects/examens/src/model/Employerr.java</file>
            <file>file:/C:/Users/HP/Documents/NetBeansProjects/examens/src/Interface_Controlle/UI.java</file>
            <file>file:/C:/Users/HP/Documents/NetBeansProjects/examens/src/View/PanelForm.java</file>
            <file>file:/C:/Users/HP/Documents/NetBeansProjects/examens/src/View/Authentification.java</file>
            <file>file:/C:/Users/HP/Documents/NetBeansProjects/examens/src/Interface_Controlle/Interface.java</file>
            <file>file:/C:/Users/HP/Documents/NetBeansProjects/examens/src/View/Form.java</file>
            <file>file:/C:/Users/HP/Documents/NetBeansProjects/examens/src/Controller/Controller.java</file>
            <file>file:/C:/Users/HP/Documents/NetBeansProjects/examens/src/ConnectionDb/ConnectionDatabase.java</file>
            <file>file:/C:/Users/HP/Documents/NetBeansProjects/examens/src/examens/Examens.java</file>
        </group>
    </open-files>
</project-private>
